Görsel,SSIM Skoru
input1.jpg,0.4398534760696105
input2.jpg,0.3618312474836369
Ortalama,0.4008
